run_id,model_key,model_id,provider,strategy,experiment_code,timestamp,n_samples_summary,n_samples_jsonl,duration_seconds,precision,recall,f1,f2,avg_jaccard,avg_containment,avg_span_coverage,laziness_rate,tp,fp,fn,tn,total_input_tokens,total_output_tokens,total_tokens,total_cost_usd,avg_latency_ms,f1_common,f2_common,jaccard_common,tp_common,fp_common,fn_common,tn_common,f1_moderate,f2_moderate,jaccard_moderate,tp_moderate,fp_moderate,fn_moderate,tn_moderate,f1_rare,f2_rare,jaccard_rare,tp_rare,fp_rare,fn_rare,tn_rare,num_orchestrator_calls,num_temporal_renewal_calls,num_risk_liability_calls,num_ip_commercial_calls,routing_accuracy
classify_then_extract_claude-haiku-4.5_20260416_014046,claude-haiku-4.5,claude-haiku-4-5-20251001,anthropic,classify_then_extract,M0,2026-04-16T02:08:53.772566,2999,2999,1687.058175,0.7805840568271507,0.795016077170418,0.7877339705296693,0.7920871375941053,0.3654044884116108,0.8198601230194038,0.7417378717052441,0.16881028938906753,989,278,255,1477,54829500,1166469,55995969,60.66184499999989,3903.6729777949695,0.8188481675392669,0.7699881843245371,0.26068066432695386,391,36,137,48,0.8035874439461883,0.852683669585078,0.47718366520485367,448,163,56,1013,0.6802721088435374,0.6963788300835654,0.36048691300078456,150,79,62,416,,,,,
classify_then_extract_claude-opus-4.6_20260416_014046,claude-opus-4.6,claude-opus-4-6,anthropic,classify_then_extract,M0,2026-04-16T02:28:15.026120,2999,2999,2848.301876,0.7882689556509299,0.8858520900321544,0.8342165026495079,0.864449325384374,0.4334880955746344,0.9101429362621299,0.8335184498870182,0.07636655948553055,1102,296,142,1459,55909088,936745,56845833,302.9640650000002,6381.743412205134,0.9315838800374884,0.9373821199547341,0.3622827604723602,497,42,31,42,0.7893805309734514,0.8440575321725966,0.5042666785484163,446,180,58,996,0.7146067415730336,0.7354301572617946,0.44256361970301067,159,74,53,421,,,,,
classify_then_extract_claude-sonnet-4_20260415_235740,claude-sonnet-4,claude-sonnet-4-20250514,anthropic,classify_then_extract,M0,2026-04-16T00:46:59.610981,2999,2999,2959.622489,0.7905500705218618,0.9011254019292605,0.8422238918106686,0.8766030653737881,0.42703907447492795,0.919207170133487,0.8524383392887501,0.06993569131832797,1121,297,123,1458,56692667,967047,57659714,184.58370599999986,6591.531861415539,0.9360902255639098,0.940332326283988,0.3537131533074437,498,38,30,46,0.8048359240069085,0.8726591760299626,0.5147650400265694,466,188,38,988,0.7136363636363636,0.7295539033457248,0.4011060543730643,157,71,55,424,,,,,
classify_then_extract_claude-sonnet-4.6_20260416_092325,claude-sonnet-4.6,claude-sonnet-4-6,anthropic,classify_then_extract,M0,2026-04-16T10:15:44.546356,2999,2999,3138.793246,0.8047337278106509,0.8745980707395499,0.8382126348228044,0.8596713021491784,0.3403224115320109,0.8891852305944627,0.8359847324879478,0.10530546623794212,1088,264,156,1491,55089664,1256348,56346012,184.1142120000004,7139.0379626170425,0.9328358208955223,0.9412650602409639,0.26275412991570357,500,44,28,40,0.7916287534121929,0.8330141708157794,0.42633399455761795,435,160,69,1016,0.7200000000000001,0.7210179076343073,0.3290309721381637,153,60,59,435,,,,,
classify_then_extract_gemini-2.5-flash_20260416_092325,gemini-2.5-flash,google/gemini-2.5-flash,vertex_ai,classify_then_extract,M0,2026-04-16T10:18:00.019573,2998,2999,3274.104812,0.8339100346020761,0.581657280772325,0.685308056872038,0.6191128617914027,0.30264704779496787,0.5863161231802302,0.5641004752665344,0.4094931617055511,723,144,520,1611,41283811,537633,41821444,13.729225800000028,8208.642783770136,0.7857142857142856,0.7245508982035929,0.3182082394780326,363,34,164,50,0.6567844925883695,0.602762662201758,0.33620266449184616,288,85,216,1091,0.46601941747572817,0.38095238095238093,0.18419054386948977,72,25,140,470,,,,,
classify_then_extract_gemini-2.5-pro_20260416_145432,gemini-2.5-pro,google/gemini-2.5-pro,vertex_ai,classify_then_extract,M0,2026-04-16T16:39:18.976443,2999,2999,6286.143816,0.8625641025641025,0.6760450160771704,0.757999098693105,0.70660393211225,0.28021673205630543,0.6793149063611221,0.6618144873168987,0.3167202572347267,841,134,403,1621,42966100,497899,43463999,58.68661499999991,15714.986140682051,0.9185606060606061,0.9185606060606062,0.32736979377008535,485,43,43,41,0.6534422403733956,0.5909666525960321,0.27719895774415276,280,73,224,1103,0.4967320261437908,0.4033970276008492,0.16995324936031153,76,18,136,477,,,,,
classify_then_extract_gemini-3-flash_20260416_092325,gemini-3-flash,google/gemini-3-flash-preview,vertex_ai,classify_then_extract,M0,2026-04-16T10:04:27.291179,2984,2999,2461.36264,0.8282910874897792,0.8209076175040518,0.8245828245828245,0.8223737619743464,0.40783819874722255,0.8328802913909137,0.7898923683465815,0.15964343598055106,1013,210,221,1540,48957469,587272,49544741,26.240550499999873,5673.055360968785,0.9327102803738317,0.9443603330809991,0.42114182399480465,499,47,25,37,0.7790927021696251,0.7874800637958532,0.4295718196909536,395,121,103,1051,0.6380697050938338,0.5896927651139743,0.32390214752217045,119,42,93,452,,,,,
classify_then_extract_gemini-3.1-pro_20260416_182735,gemini-3.1-pro,google/gemini-3.1-pro-preview,vertex_ai,classify_then_extract,M0,2026-04-16T20:44:06.898446,2978,2999,8191.844598,0.8361581920903954,0.8443357783211084,0.8402270884022709,0.8426874898324386,0.44086257729419037,0.8525928611120235,0.8079397420473213,0.13773431132844335,1036,203,191,1548,48988163,549230,49537393,104.56708599999979,9463.86686114129,0.9445471349353051,0.9616108392924352,0.4402211095094049,511,46,14,38,0.777555110220441,0.7851072440307568,0.4654715086632663,388,119,103,1055,0.7098445595854922,0.6722276741903827,0.38519331324109146,137,38,74,455,,,,,
classify_then_extract_gpt-4.1_20260416_082829,gpt-4.1,gpt-4.1,openai,classify_then_extract,M0,2026-04-16T09:03:01.771358,2786,2999,2071.858275,0.8528099910793934,0.82201203783319,0.8371278458844134,0.8279923783128357,0.28920990677388336,0.8290484059991134,0.7879429788539086,0.1642304385210662,956,165,207,1458,41856869,973569,42830438,91.50229000000017,4682.176622885281,0.8879919273461151,0.8563643441027639,0.21093286716989906,440,25,86,59,0.8308668076109937,0.8558362369337978,0.39357696063976516,393,103,57,1045,0.7089337175792507,0.6773127753303965,0.25823957838911926,123,37,64,354,,,,,
classify_then_extract_gpt-4.1-mini_20260416_082829,gpt-4.1-mini,gpt-4.1-mini,openai,classify_then_extract,M0,2026-04-16T09:04:08.112647,2887,2999,2138.211104,0.7929036929761043,0.8816425120772947,0.8349218452154022,0.8623405260670971,0.33277448740249527,0.901832744903303,0.8346947276934485,0.08293075684380032,1095,286,147,1359,49390207,1041459,50431666,21.422417199999998,4692.126520259958,0.9392265193370166,0.9550561797752809,0.2589461068966692,510,48,18,36,0.7736185383244207,0.8238420652999242,0.4255992905747596,434,184,70,992,0.727710843373494,0.722488038277512,0.29562060220370917,151,54,59,331,,,,,
classify_then_extract_gpt-4.1-nano_20260416_082829,gpt-4.1-nano,gpt-4.1-nano,openai,classify_then_extract,M0,2026-04-16T08:44:25.066258,2999,2999,955.182861,0.7666989351403679,0.6366559485530546,0.6956521739130433,0.6590114827758362,0.33986984591762137,0.6939504911754764,0.5469791097770104,0.25562700964630225,792,241,452,1514,48040895,747099,48787994,5.102929099999995,2260.899020667453,0.7813540510543839,0.7082494969818912,0.2905001546195214,352,21,176,63,0.698443579766537,0.7066929133858267,0.43721700408152175,359,165,145,1011,0.46551724137931033,0.41158536585365857,0.23139922936475213,81,55,131,440,,,,,
combined_prompts_claude-haiku-4.5_20260416_190207,claude-haiku-4.5,claude-haiku-4-5-20251001,anthropic,combined_prompts,M6,2026-04-16T19:32:23.514067,2999,2999,1816.119741,0.6626065773447016,0.8745980707395499,0.753984753984754,0.8220006044122091,0.44863414070401414,0.9463107737108231,0.8115480535242445,0.03054662379421222,1088,554,156,1201,35724811,1513505,37238316,43.292335999999835,6041.947875827337,0.925207756232687,0.9392575928009,0.3331697646384528,501,54,27,30,0.6687163720215219,0.7731958762886597,0.5527331614547595,435,362,69,814,0.6055776892430279,0.6678383128295255,0.4887251034598717,152,138,60,357,,,,,
combined_prompts_claude-opus-4.6_20260416_190207,claude-opus-4.6,claude-opus-4-6,anthropic,combined_prompts,M6,2026-04-16T19:53:35.443781,2999,2999,3088.009867,0.6583381754793725,0.9107717041800643,0.7642495784148398,0.845901149768553,0.49239251409059354,0.9575842709126576,0.8496071131834555,0.01607717041800643,1133,588,111,1167,35727810,1298596,37026406,211.10395000000017,10269.388494195406,0.9274563820018366,0.9446315001870557,0.3612301773704733,505,56,23,28,0.6849925705794948,0.8065080475857244,0.5966011704613599,461,381,43,795,0.630188679245283,0.716123499142367,0.571319641342278,167,151,45,344,,,,,
combined_prompts_claude-sonnet-4_20260416_190207,claude-sonnet-4,claude-sonnet-4-20250514,anthropic,combined_prompts,M6,2026-04-16T19:55:50.915158,2999,2999,3223.514793,0.7249169435215946,0.8770096463022508,0.7937431793379409,0.8416910970529239,0.5243787628582509,0.9194832604501918,0.8005400440406115,0.05546623794212219,1091,414,153,1341,35724811,1215791,36940602,125.41129800000004,10727.573038624056,0.9319664492078286,0.9409108016560029,0.4003849925877377,500,45,28,39,0.718032786885246,0.8016105417276721,0.6367096984389309,438,278,66,898,0.6710526315789473,0.7005494505494505,0.5661425325288543,153,91,59,404,,,,,
combined_prompts_claude-sonnet-4.6_20260416_190207,claude-sonnet-4.6,claude-sonnet-4-6,anthropic,combined_prompts,M6,2026-04-16T19:55:56.003969,2999,2999,3228.58272,0.6026178010471204,0.9252411575562701,0.7298668357641089,0.8357537031658436,0.46018770000256676,0.9723992152773343,0.8653088024872586,0.008038585209003215,1151,759,93,996,35727810,1403479,37131289,128.23561500000002,10749.393628285647,0.9349005424954792,0.9609665427509293,0.33505535439320505,517,61,11,23,0.6334470989761092,0.779308028216325,0.5598959986220208,464,497,40,679,0.5831903945111492,0.6972928630024611,0.5347956998966131,170,201,42,294,,,,,
combined_prompts_gemini-2.5-flash_20260417_001332,gemini-2.5-flash,google/gemini-2.5-flash,vertex_ai,combined_prompts,M6,2026-04-17T02:19:59.544125,2999,2999,7587.203385,0.6423231742380678,0.8979099678456591,0.7489104927924907,0.8317200297840655,0.4620878134751785,0.9407005362167385,0.8403651353847585,0.02009646302250804,1117,622,127,1133,32854435,1653421,34507856,13.989882999999994,12632.15394784277,0.9300184162062616,0.9456928838951311,0.33567951981320543,505,53,23,31,0.6588061901252764,0.7790170791216452,0.5732574482257011,447,406,57,770,0.6111111111111112,0.7015306122448981,0.5126259414905494,165,163,47,332,,,,,
combined_prompts_gemini-2.5-pro_20260417_001332,gemini-2.5-pro,google/gemini-2.5-pro,vertex_ai,combined_prompts,M6,2026-04-17T04:19:32.039662,2999,2999,14759.6699,0.5858480749219563,0.905144694533762,0.7113076437144663,0.8161786024934764,0.43959544430472425,0.9474010578914318,0.8520194606372962,0.01045016077170418,1126,796,118,959,32854435,1714403,34568838,58.21207374999999,24579.67001254205,0.9365942028985507,0.9616815476190476,0.32482081140391283,517,59,11,25,0.6031313818924439,0.7430392485743039,0.5285259106945795,443,522,61,654,0.5598650927487352,0.6753458096013019,0.5140296476591638,166,215,46,280,,,,,
combined_prompts_gemini-3-flash_20260417_001332,gemini-3-flash,google/gemini-3-flash-preview,vertex_ai,combined_prompts,M6,2026-04-17T02:35:37.878608,2999,2999,8525.474807,0.5028319697923223,0.6422829581993569,0.5640663607483234,0.6085300837776085,0.3316489540686702,0.7685695214777561,0.6093101892905656,0.005627009646302251,799,790,445,965,32854435,918997,33773432,19.18420849999996,14190.85336972784,0.8675623800383877,0.8606245239908605,0.2668588677493744,452,62,76,22,0.41053446940356314,0.4727078130574384,0.39635139040269324,265,522,239,654,0.328,0.36091549295774644,0.3391920562584839,82,206,130,289,,,,,
combined_prompts_gemini-3.1-pro_20260417_001332,gemini-3.1-pro,google/gemini-3.1-pro-preview,vertex_ai,combined_prompts,M6,2026-04-17T01:58:07.607199,2998,2999,6275.186526,0.7233072916666666,0.8938053097345132,0.7995681899964016,0.8535648432698216,0.5335563828130829,0.9268994979816298,0.8331502300327722,0.032180209171359615,1111,425,132,1330,32816294,588316,33404610,72.6923799999998,10255.663538793791,0.9366391184573002,0.9550561797752809,0.42011899294756105,510,52,17,32,0.7196110210696921,0.8084486525855791,0.632639372300593,444,286,60,890,0.6885964912280702,0.7188644688644689,0.579988825065086,157,87,55,408,,,,,
combined_prompts_gpt-4.1_20260417_073718,gpt-4.1,gpt-4.1,openai,combined_prompts,M6,2026-04-17T07:53:21.909650,2978,2999,963.748949,0.6604651162790698,0.9205834683954619,0.7691266079891672,0.8533653846153847,0.4453021251136523,0.9504234103506091,0.8615677429899468,0.03241491085899514,1136,584,98,1160,31603557,1308918,32912475,73.67845800000002,6268.796551030631,0.942133815551537,0.9684014869888475,0.3221780541439178,521,57,7,27,0.6830723340790456,0.8043554618897085,0.5662603062994799,458,381,44,790,0.6193293885601578,0.7015192135835568,0.4663241962741149,157,146,47,343,,,,,
combined_prompts_gpt-4.1-mini_20260417_073718,gpt-4.1-mini,gpt-4.1-mini,openai,combined_prompts,M6,2026-04-17T08:04:44.648690,2987,2999,1646.507283,0.6149269875608437,0.9139871382636656,0.735208535402522,0.8329670329670331,0.3865417463018428,0.9586273063640375,0.8543160829434945,0.022508038585209004,1137,712,107,1031,32116089,1835692,33951781,15.783542800000031,10200.06031839154,0.9351598173515981,0.9555804404628593,0.26827691163748285,512,55,16,29,0.6440198159943383,0.7777777777777779,0.493969789260682,455,454,49,710,0.5811965811965812,0.6961506961506961,0.4256931569222557,170,203,42,292,,,,,
combined_prompts_gpt-4.1-nano_20260417_065411,gpt-4.1-nano,gpt-4.1-nano,openai,combined_prompts,M6,2026-04-17T07:06:22.954431,2975,2999,731.100914,0.6814345991561181,0.5192926045016077,0.5894160583941606,0.5452397029034436,0.395626463034438,0.7278289640786264,0.4585197872319711,0.13504823151125403,646,302,598,1429,32089281,1051697,33140978,3.629606899999999,4785.83018818913,0.8170478170478171,0.7717989002356639,0.3460918840090833,393,41,135,43,0.47577092511013214,0.4462809917355372,0.4913848893642556,216,188,288,988,0.2298136645962733,0.19311064718162838,0.29134349537009413,37,73,175,398,,,,,
cot_claude-haiku-4.5_20260415_011842,claude-haiku-4.5,claude-haiku-4-5-20251001,anthropic,cot,B4,2026-04-15T01:35:08.577704,2999,2999,986.509235,0.6397998888271261,0.9252411575562701,0.7564903056194545,0.8494464944649447,0.3811657510291839,0.9597584839759015,0.8761498557554921,0.024115755627009645,1151,648,93,1107,35014756,1618518,36633274,43.107346000000106,6519.177288086722,0.9451553930530164,0.9652725914861836,0.3105755808039932,517,49,11,35,0.6709863210943124,0.803171320234402,0.46072314327119085,466,419,38,757,0.6,0.7023411371237458,0.36783878965621064,168,180,44,315,,,,,
cot_claude-opus-4.6_20260415_011842,claude-opus-4.6,claude-opus-4-6,anthropic,cot,B4,2026-04-15T01:49:17.269104,2999,2999,1835.183088,0.610574478901881,0.9654340836012861,0.7480535658673311,0.8648998991790293,0.3860028672975662,0.9814311552288527,0.9271874628586844,0.008038585209003215,1201,766,43,989,35017755,1528615,36546370,213.30415000000008,12134.893503599122,0.9432943294329433,0.9721706864564007,0.2960081088000976,524,59,4,25,0.6492287055667337,0.8058608058608058,0.4604218910332278,484,503,20,673,0.6338259441707718,0.7751004016064257,0.43322005844799427,193,204,19,291,,,,,
cot_claude-sonnet-4_20260415_011842,claude-sonnet-4,claude-sonnet-4-20250514,anthropic,cot,B4,2026-04-15T01:49:19.433444,2999,2999,1837.358654,0.6239957150508838,0.9364951768488746,0.7489553198328512,0.8512348385211166,0.42317909866195513,0.9587640292466543,0.8860280915782617,0.02491961414790997,1165,702,79,1053,35014756,1396017,36410773,125.9845230000002,12190.891172205771,0.941923774954628,0.9661206254653759,0.3468487257923927,519,55,9,29,0.656121045392022,0.8041132838840187,0.5012518065320082,477,473,27,703,0.609009009009009,0.709487825356843,0.42767811804224626,169,174,43,321,,,,,
cot_claude-sonnet-4.6_20260415_085852,claude-sonnet-4.6,claude-sonnet-4-6,anthropic,cot,B4,2026-04-15T09:28:49.711621,2999,2999,1796.893574,0.5586722767648434,0.9606109324758842,0.7064735441915461,0.8397751229796206,0.35392937781078293,0.981107530692248,0.9259203826562443,0.006430868167202572,1195,944,49,811,35017755,1635463,36653218,129.5852099999999,11902.774047421615,0.9398023360287511,0.9695958472376713,0.26226471617424535,523,62,5,22,0.6028767979987492,0.7746705239472838,0.4345305562152592,482,613,22,563,0.5663189269746647,0.7268553940321346,0.3906083751137831,190,269,22,226,,,,,
cot_gemini-2.5-flash_20260414_192137,gemini-2.5-flash,google/gemini-2.5-flash,vertex_ai,cot,B4,2026-04-14T20:29:18.700160,2999,2999,4061.392292,0.6013986013986014,0.8987138263665595,0.7205929745407671,0.8178493050475494,0.39271146244344274,0.9348468847595219,0.8530891260558364,0.022508038585209004,1118,741,126,1014,32194799,2022715,34217514,14.71522719999999,13511.495418553775,0.9175162187210381,0.9294029290274126,0.33070429016776626,495,56,33,28,0.6298342541436465,0.7702702702702702,0.4630209102837743,456,488,48,688,0.5798611111111112,0.6889438943894389,0.37999365701905835,167,197,45,298,,,,,
cot_gemini-2.5-pro_20260415_100804,gemini-2.5-pro,google/gemini-2.5-pro,vertex_ai,cot,B4,2026-04-15T14:45:37.468784,2999,2999,16653.434866,0.5240233497979344,0.9381028938906752,0.672428694900605,0.810079133694294,0.3355882228042231,0.9661153412309563,0.9025234913800021,0.0040192926045016075,1167,1060,77,695,32194799,2152824,34347623,61.771738749999955,27718.129510814542,0.9329710144927537,0.9579613095238096,0.25964445128026836,515,61,13,23,0.5576119402985075,0.7326639472858487,0.39331635154331285,467,704,37,472,0.5346820809248555,0.6965361445783133,0.38749074393699423,185,295,27,200,,,,,
cot_gemini-3-flash_20260414_235305,gemini-3-flash,google/gemini-3-flash-preview,vertex_ai,cot,B4,2026-04-15T00:49:07.173164,2985,2995,0.029167,0.5546153846153846,0.5861788617886179,0.5699604743083003,0.5795819935691318,0.25602411636044975,0.6489773424457332,0.5695496193057166,0.22439024390243903,721,579,509,1176,31986597,1031166,33017763,19.086796499999938,0.0,0.8263598326359833,0.790632506004804,0.2530832833828553,395,47,119,37,0.4288224956063269,0.4603773584905661,0.2748685681787978,244,390,260,786,0.37614678899082565,0.3824626865671642,0.21835423161533965,82,142,130,353,,,,,
cot_gemini-3.1-pro_20260415_100804,gemini-3.1-pro,google/gemini-3.1-pro-preview,vertex_ai,cot,B4,2026-04-15T12:22:13.946522,2976,2999,8049.873154,0.7173333333333334,0.8812448812448812,0.7908857037853732,0.842731829573935,0.46484635626046866,0.9181633028274961,0.8395580471783675,0.03357903357903358,1076,424,145,1331,30980771,875220,31855991,72.46418200000001,13482.242850972481,0.9371534195933456,0.9573262839879154,0.43112643677910467,507,53,15,31,0.694048616932104,0.7781954887218044,0.512474136490683,414,290,75,886,0.695067264573991,0.7202602230483273,0.4377597535780741,155,81,55,414,,,,,
cot_gpt-4.1_20260417_114739,gpt-4.1,gpt-4.1,openai,cot,B4,2026-04-17T12:14:51.156646,2999,2999,1631.699053,0.5957873620862588,0.954983922829582,0.7337862878319951,0.8522238163558106,0.36758416545802763,0.9701246696746307,0.9061034286652547,0.01527331189710611,1188,806,56,949,31672299,1816633,33488932,77.87766200000016,5421.776876284091,0.9449954914337242,0.9728926847382103,0.27049638436103923,524,57,4,27,0.6384666226040978,0.7983471074380166,0.46864228490880677,483,526,21,650,0.5876623376623377,0.7228434504792333,0.36913631742037606,181,223,31,272,,,,,
cot_gpt-4.1-mini_20260415_085852,gpt-4.1-mini,gpt-4.1-mini,openai,cot,B4,2026-04-15T09:20:59.318720,2994,2999,1326.517391,0.5939887926642894,0.9380530973451328,0.727386150966937,0.8406633020908435,0.35387193078471174,0.9669961554595914,0.8889558781991703,0.015285599356395816,1166,797,77,954,31634234,1951647,33585881,15.776328800000012,8694.771398675624,0.9400000000000001,0.9641924654979485,0.2691727697615304,517,56,10,27,0.6303030303030303,0.7807807807807806,0.4493941417383377,468,513,36,660,0.5829307568438002,0.7199681782020684,0.33733072106107953,181,228,31,267,,,,,
cot_gpt-4.1-nano_20260415_085852,gpt-4.1-nano,gpt-4.1-nano,openai,cot,B4,2026-04-15T09:09:24.811491,2998,2999,632.025676,0.6995260663507109,0.5937248592115849,0.6422976501305484,0.6122448979591837,0.4012530208509141,0.7663789908970806,0.5104599684831336,0.13435237329042637,738,317,505,1438,31642027,1201381,32843408,3.6447551000000042,4175.205827354878,0.8236514522821576,0.7799607072691551,0.3515123725967061,397,40,130,44,0.5766497461928934,0.5686824189026832,0.48497430334078356,284,197,220,979,0.326647564469914,0.2893401015228426,0.3258652626201291,57,80,155,415,,,,,
multiagent_claude-haiku-4.5_20260416_014046,claude-haiku-4.5,claude-haiku-4-5-20251001,anthropic,multiagent,M1,2026-04-16T02:15:44.411692,2999,2999,2097.654306,0.7607142857142857,0.8561093247588425,0.8055975794251136,0.8351631116687579,0.4029856613896727,0.8886063879827797,0.7936203444643961,0.08762057877813505,1065,335,179,1420,36848748,1630657,38479405,45.00203300000057,3475.9196230116677,0.9420560747663552,0.9495101733232856,0.29438294696604433,504,38,24,46,0.7420494699646643,0.7942511346444782,0.5169864194932653,420,208,84,968,0.6380090497737556,0.6539888682745826,0.4024472233305451,141,89,71,406,2999.0,1038.0,854.0,1107.0,1.0
multiagent_claude-opus-4.6_20260416_014046,claude-opus-4.6,claude-opus-4-6,anthropic,multiagent,M1,2026-04-16T02:39:46.465486,2999,2999,3539.687937,0.7730147575544624,0.8842443729903537,0.8248968878890138,0.8595092983278636,0.42935151841516,0.9129314076915208,0.8272369882864958,0.06591639871382636,1100,323,144,1432,36854746,1248761,38103507,215.4927549999985,5889.7263469356285,0.9485294117647058,0.9655688622754491,0.3324181206807827,516,44,12,40,0.7614840989399293,0.8150529500756429,0.518380682882641,431,197,73,979,0.6845637583892618,0.706371191135734,0.45911630667998005,153,82,59,413,2999.0,1038.0,854.0,1107.0,1.0
multiagent_claude-sonnet-4_20260416_004659,claude-sonnet-4,claude-sonnet-4-20250514,anthropic,multiagent,M1,2026-04-16T01:37:57.924581,2999,2999,3058.218411,0.7111553784860558,0.8609324758842444,0.778909090909091,0.826133909287257,0.49069487819058205,0.8926972351111674,0.7886065814321442,0.07797427652733119,1071,435,173,1320,36848748,1108065,37956813,127.16721899999996,5087.939538359778,0.9394221808014912,0.9484380880692511,0.3857371845524166,504,41,24,43,0.6865671641791046,0.7615894039735098,0.5826278065633039,414,288,90,888,0.6496815286624205,0.6910569105691057,0.5335414175353865,153,106,59,389,2999.0,1038.0,854.0,1107.0,1.0
multiagent_claude-sonnet-4.6_20260416_092325,claude-sonnet-4.6,claude-sonnet-4-6,anthropic,multiagent,M1,2026-04-16T10:30:45.586136,2999,2999,4039.649872,0.7542492917847026,0.8561093247588425,0.8019578313253012,0.8335942391984972,0.3967973860240988,0.8753289179304935,0.8027211013509952,0.11012861736334405,1065,347,179,1408,36854746,1812593,38667339,137.75313299999905,6721.861124685644,0.923076923076923,0.9283018867924526,0.29970562613013035,492,46,36,38,0.7381158167675023,0.7999250655676282,0.49113458950811156,427,226,77,950,0.674364896073903,0.6828811973807295,0.414337474081047,146,75,66,420,2999.0,1038.0,854.0,1107.0,1.0
multiagent_gemini-2.5-flash_20260416_092325,gemini-2.5-flash,google/gemini-2.5-flash,vertex_ai,multiagent,M1,2026-04-16T10:40:17.039015,2999,2999,4611.092461,0.7617274758004468,0.822347266881029,0.7908774642442985,0.8094635227092895,0.38409728907853374,0.8434604917127336,0.7795050586248333,0.13585209003215434,1023,320,221,1435,33900059,1255136,35155195,13.307857699999886,7665.693559577446,0.9408450704225352,0.9456398640996604,0.3257461036006482,501,36,27,48,0.6966911764705882,0.7288461538461538,0.44326354845081606,379,205,125,971,0.6589861751152074,0.6682242990654206,0.3887653608176543,143,79,69,416,2999.0,1038.0,854.0,1107.0,1.0
multiagent_gemini-2.5-pro_20260416_145432,gemini-2.5-pro,google/gemini-2.5-pro,vertex_ai,multiagent,M1,2026-04-16T17:40:23.692272,2999,2999,9950.830071,0.6748315982853643,0.8858520900321544,0.7660757733750435,0.8337116053865941,0.3747602254290269,0.9073203291641998,0.8391469410525582,0.06430868167202572,1102,531,142,1224,33900059,1319800,35219859,55.57307375000011,16561.80828796858,0.9429864253393665,0.9687616214206023,0.280055432523065,521,56,7,28,0.658307210031348,0.7532281205164992,0.45553593781350576,420,352,84,824,0.6491935483870969,0.7111307420494699,0.41859594058266536,161,123,51,372,2999.0,1038.0,854.0,1107.0,1.0
multiagent_gemini-3-flash_20260416_092326,gemini-3-flash,google/gemini-3-flash-preview,vertex_ai,multiagent,M1,2026-04-16T10:30:10.659864,2999,2999,4004.606534,0.7944492627927147,0.7363344051446945,0.7642886942010847,0.7472670908794258,0.34486208416660724,0.7478706255600374,0.7066213060787014,0.24035369774919615,916,237,328,1518,33900059,898370,34798429,19.645139499999722,6638.165510560203,0.9191729323308272,0.9233383685800605,0.34186196227217147,489,47,39,37,0.6492146596858639,0.6282934738548845,0.3676203906714024,310,141,194,1035,0.6190476190476191,0.576923076923077,0.2982294326658786,117,49,95,446,2999.0,1038.0,854.0,1107.0,1.0
multiagent_gemini-3.1-pro_20260416_182735,gemini-3.1-pro,google/gemini-3.1-pro-preview,vertex_ai,multiagent,M1,2026-04-16T21:36:04.161722,2999,2999,11309.074799,0.7543859649122807,0.8641479099678456,0.8055451479955039,0.839712544914857,0.4204169544081392,0.8771767003936285,0.8311287832389112,0.1085209003215434,1075,350,169,1405,33836113,921356,34757469,78.72849800000101,9420.375410862172,0.9424657534246575,0.9630459126539753,0.40367388589405934,516,51,12,33,0.7175438596491228,0.7711161387631975,0.4515274960299283,409,227,95,949,0.6912442396313364,0.7009345794392523,0.3881557619461234,150,72,62,423,2999.0,1038.0,854.0,1107.0,1.0
multiagent_gpt-4.1_20260416_082830,gpt-4.1,gpt-4.1,openai,multiagent,M1,2026-04-16T09:11:39.362876,2999,2999,2589.344429,0.820292347377472,0.7668810289389068,0.7926879933527212,0.7769995113210622,0.29758814349289536,0.7800890832437258,0.7202015852136426,0.2057877813504823,954,209,290,1546,24037087,1004058,25041145,56.10663800000019,4200.20689044981,0.9492151431209603,0.9636295463067118,0.24860766191955255,514,41,14,43,0.704612365063788,0.7092058474911103,0.3937199093438302,359,156,145,1020,0.5311475409836065,0.4303931987247609,0.19103759765258368,81,12,131,483,2999.0,1001.0,682.0,873.0,1.0
multiagent_gpt-4.1-mini_20260416_082830,gpt-4.1-mini,gpt-4.1-mini,openai,multiagent,M1,2026-04-16T09:10:32.579366,2999,2999,2522.590229,0.7801131770412287,0.7757234726688103,0.7779121322047562,0.776597456945115,0.3187919577996261,0.7979381424766852,0.7159096708935936,0.17845659163987138,965,272,279,1483,28750706,1074620,29825326,13.219674399999944,4161.427141472298,0.937037037037037,0.9496996996996996,0.255023984280075,506,46,22,38,0.669172932330827,0.6909937888198757,0.4163891853402407,356,204,148,972,0.6112759643916914,0.5292908530318602,0.24558670939327287,103,22,109,473,2999.0,1021.0,729.0,937.0,1.0
multiagent_gpt-4.1-nano_20260416_082829,gpt-4.1-nano,gpt-4.1-nano,openai,multiagent,M1,2026-04-16T08:46:53.335961,2999,2999,1103.4161,0.8604972375690608,0.5008038585209004,0.633130081300813,0.5464912280701755,0.27149452647341565,0.5338546783670224,0.4549194865513195,0.4228295819935691,623,101,621,1654,33390080,741858,34131938,3.635751199999977,1833.993529902351,0.8319148936170213,0.7745641838351821,0.2903222035460617,391,21,137,63,0.5281045751633987,0.4435660957400088,0.31530995727813094,202,59,302,1117,0.22813688212927757,0.16685205784204674,0.12043796694542803,30,21,182,474,2999.0,1038.0,825.0,1136.0,0.9903301100366789
zero_shot_claude-haiku-4.5_20260414_114654,claude-haiku-4.5,claude-haiku-4-5-20251001,anthropic,zero_shot,B1,2026-04-14T12:12:50.003595,2999,2999,1555.379565,0.5628586332811685,0.867363344051447,0.68269534957292,0.7826780792107936,0.3936453835550397,0.9253258752682254,0.8007387927888682,0.03858520900321544,1079,838,165,917,34450944,448978,34899922,36.69583399999996,2588.5718172376874,0.9099264705882353,0.9262724550898205,0.31678072698617643,495,65,33,19,0.5895020188425302,0.7304869913275517,0.4836150567326437,438,544,66,632,0.49744463373083475,0.5968928863450532,0.37119172028544845,146,229,66,266,,,,,
zero_shot_claude-opus-4.6_20260414_114654,claude-opus-4.6,claude-opus-4-6,anthropic,zero_shot,B1,2026-04-14T12:39:20.785773,2999,2999,3146.221212,0.6668584579976985,0.9316720257234726,0.7773306505700872,0.8631218349717009,0.3775030824981739,0.9641505167488408,0.8785864740517655,0.01929260450160772,1159,579,85,1176,34453943,510001,34963944,185.01973999999996,5240.168167146613,0.9402173913043479,0.9654017857142856,0.27693337237958404,519,57,9,27,0.6951310861423221,0.8148928696873902,0.4650496106537891,464,367,40,809,0.6482504604051565,0.7463952502120442,0.4198491049141407,176,155,36,340,,,,,
zero_shot_claude-sonnet-4_20260414_023502,claude-sonnet-4,claude-sonnet-4-20250514,anthropic,zero_shot,B1,2026-04-14T02:49:01.056884,2640,2999,838.616261,0.6538969616908851,0.9209302325581395,0.764774044032445,0.8513931888544891,0.45121148781855186,0.9552648552632088,0.8590402836257822,0.020465116279069766,990,524,85,1041,29526548,364290,29890838,94.04399400000007,7673.442238541244,0.9419862340216323,0.9583833533413366,0.37766366450943073,479,44,15,36,0.6559322033898305,0.7910874897792314,0.53661992760917,387,371,35,695,0.6326530612244898,0.713463751438435,0.4530370420516684,124,109,35,310,,,,,
zero_shot_claude-sonnet-4.6_20260414_114654,claude-sonnet-4.6,claude-sonnet-4-6,anthropic,zero_shot,B1,2026-04-14T12:37:12.492474,2999,2999,3017.975067,0.5993520518358532,0.8922829581993569,0.7170542635658914,0.8128295254833039,0.3583251844113649,0.961930749302158,0.8210565926596991,0.02009646302250804,1110,742,134,1013,34453943,538826,34992769,111.44421899999983,5021.725222630004,0.9277218664226898,0.9469555472543892,0.2517799808071129,507,58,21,26,0.6144156752974107,0.7463447806868411,0.44945222143160046,439,486,65,690,0.5714285714285714,0.6776859504132232,0.40704141481158396,164,198,48,297,,,,,
zero_shot_gemini-2.5-flash_20260414_013817,gemini-2.5-flash,google/gemini-2.5-flash,vertex_ai,zero_shot,B1,2026-04-14T01:58:48.905227,2999,2999,1231.353988,0.6207276736493936,0.905144694533762,0.7364290385873119,0.829160530191458,0.48391449473011955,0.9433915869644242,0.831117940087464,0.02652733118971061,1126,688,118,1067,31645982,459598,32105580,10.64278959999998,8110.198296600258,0.9246511627906977,0.9345618653629184,0.3789234838427463,497,50,31,34,0.6423049894588897,0.7785349233390119,0.5794926827184451,457,462,47,714,0.6142857142857143,0.7190635451505016,0.5181779239868083,172,176,40,319,,,,,
zero_shot_gemini-2.5-pro_20260414_025017,gemini-2.5-pro,google/gemini-2.5-pro,vertex_ai,zero_shot,B1,2026-04-14T04:58:59.439911,2999,2999,7721.97003,0.588597842835131,0.9212218649517685,0.7182701347539956,0.8276758630651453,0.47827209164740375,0.9564937810713346,0.8632443256704408,0.01527331189710611,1146,801,98,954,31645982,382795,32028777,43.385427500000105,25702.828565203854,0.9362477231329691,0.9582401193139449,0.36046776056865826,514,56,14,28,0.6156914893617021,0.7675729442970821,0.5724923811708378,463,537,41,639,0.5738539898132429,0.6897959183673469,0.5476761524481893,169,208,43,287,,,,,
zero_shot_gemini-3-flash_20260414_132601,gemini-3-flash,google/gemini-3-flash-preview,vertex_ai,zero_shot,B1,2026-04-14T15:21:47.292145,2997,2999,6946.271322,0.6470219435736677,0.830249396621078,0.7272727272727273,0.7857469164001827,0.4616844137222449,0.92313517596991,0.7414323469747778,0.02011263073209976,1032,563,211,1191,31592364,249954,31842318,16.546043999999977,11572.35128176369,0.9329660238751147,0.9502431724653947,0.33560810692636733,508,53,20,31,0.607936507936508,0.6915854098952691,0.5633222213306357,383,374,120,801,0.5766871165644172,0.6266666666666667,0.5345357003316966,141,136,71,359,,,,,
zero_shot_gemini-3.1-pro_20260414_090852,gemini-3.1-pro,google/gemini-3.1-pro-preview,vertex_ai,zero_shot,B1,2026-04-14T10:03:58.442357,2994,2999,3306.063582,0.7297650130548303,0.9016129032258065,0.8066378066378067,0.8610597658656809,0.5242690985660065,0.9343082252752802,0.83808537479019,0.03790322580645161,1118,414,122,1340,31435367,240214,31675581,65.753302,10804.537637674972,0.9433272394881169,0.965568862275449,0.40811924147689344,516,52,10,32,0.7207207207207207,0.8067473414008066,0.6295079832210041,440,279,62,896,0.7089715536105033,0.7410795974382435,0.5632544982455564,162,83,50,412,,,,,
zero_shot_gpt-4.1_20260414_104325,gpt-4.1,gpt-4.1,openai,zero_shot,B1,2026-04-14T10:52:08.544360,2528,2999,522.59217,0.7322709163346613,0.9099009900990099,0.8114790286975718,0.8677998111425874,0.4304896302199352,0.9256888438821189,0.8610622490820506,0.05643564356435644,919,336,91,1182,17838980,298795,18137775,38.06831999999997,4213.166541305807,0.9340314136125654,0.9501491265445249,0.33178712272830474,446,45,18,35,0.7471143756558237,0.8408124704770903,0.5484252664851816,356,209,32,797,0.6554621848739496,0.7039711191335739,0.43073606443006907,117,82,41,350,,,,,
zero_shot_gpt-4.1-mini_20260414_023502,gpt-4.1-mini,gpt-4.1-mini,openai,zero_shot,B1,2026-04-14T02:40:29.314040,2999,2999,326.906385,0.7340136054421769,0.867363344051447,0.7951363301400147,0.8369531492398387,0.4085508885781288,0.8923527909978786,0.8088882744464826,0.08440514469453377,1079,391,165,1364,31179932,438492,31618424,13.173560000000004,3065.382351813007,0.9120151371807,0.912533131389625,0.33501626736796625,482,47,46,37,0.7345575959933223,0.8118081180811808,0.4924407627522229,440,254,64,922,0.6840958605664488,0.7168949771689498,0.39225741412163256,157,90,55,405,,,,,
zero_shot_gpt-4.1-nano_20260414_152732,gpt-4.1-nano,gpt-4.1-nano,openai,zero_shot,B1,2026-04-14T15:29:42.422035,2998,2999,129.909094,0.7880512091038406,0.4453376205787781,0.569080636877247,0.48776192991723893,0.30849956499729514,0.517872411818347,0.37084709090690743,0.4204180064308682,554,149,690,1605,31117068,139044,31256112,3.167324399999998,842.7955349993077,0.6477832512315271,0.5488313856427379,0.2856861057197871,263,21,265,63,0.5788849347568209,0.5180467091295117,0.38638415579304597,244,95,260,1081,0.3219178082191781,0.25323275862068967,0.18015839866458702,47,33,165,461,,,,,
